Data,Tag,Pos,Album,Artista
2026-04-18,NEW✨,1,ARIRANG,BTS
2026-04-18,NEW✨,2,I'm The Problem,Morgan Wallen
2026-04-18,NEW✨,3,Bully,Ye
2026-04-18,NEW✨,4,Octane,Don Toliver
2026-04-18,NEW✨,5,The Art Of Loving,Olivia Dean
2026-04-18,NEW✨,6,The Way I Am,Luke Combs
2026-04-18,NEW✨,7,Debi Tirar Mas Fotos,Bad Bunny
2026-04-18,NEW✨,8,One Thing At A Time,Morgan Wallen
2026-04-18,NEW✨,9,"Kiss All The Time. Disco, Occasionally.",Harry Styles
2026-04-18,NEW✨,10,The Romantic,Bruno Mars
2026-04-18,NEW✨,11,The Life Of A Showgirl,Taylor Swift
2026-04-18,NEW✨,12,SOS,SZA
2026-04-18,NEW✨,13,KPop Demon Hunters,Soundtrack
2026-04-18,NEW✨,14,Stick Season,Noah Kahan
2026-04-18,NEW✨,15,This Music May Contain Hope.,RAYE
2026-04-18,NEW✨,16,Dangerous: The Double Album,Morgan Wallen
2026-04-18,NEW✨,17,"You'll Be Alright, Kid",Alex Warren
2026-04-18,NEW✨,18,Man's Best Friend,Sabrina Carpenter
2026-04-18,NEW✨,19,The Diamond Collection,Post Malone
2026-04-18,NEW✨,20,Hungover,Ella Langley
2026-04-18,NEW✨,21,Rumours,Fleetwood Mac
2026-04-18,NEW✨,22,DINASTIA,Peso Pluma & Tito Double P
2026-04-18,NEW✨,23,Number Ones,Michael Jackson
2026-04-18,NEW✨,24,Short n' Sweet,Sabrina Carpenter
2026-04-18,NEW✨,25,Un Verano Sin Ti,Bad Bunny
2026-04-18,NEW✨,26,30 Number One Hits,Jason Aldean
2026-04-18,NEW✨,27,So Close To What,Tate McRae
2026-04-18,NEW✨,28,Take Care,Drake
2026-04-18,NEW✨,29,With Heaven On Top,Zach Bryan
2026-04-18,NEW✨,30,The Tortured Poets Department,Taylor Swift
2026-04-18,NEW✨,31,Greatest Hits,Queen
2026-04-18,NEW✨,32,Graduation,Kanye West
2026-04-18,NEW✨,33,Cloud 9,Megan Moroney
2026-04-18,NEW✨,34,Hades,Melanie Martinez
2026-04-18,NEW✨,35,Sour,Olivia Rodrigo
2026-04-18,NEW✨,36,Guts,Olivia Rodrigo
2026-04-18,NEW✨,37,Am I The Drama?,Cardi B
2026-04-18,NEW✨,38,+-=÷x (Tour Collection),Ed Sheeran
2026-04-18,NEW✨,39,Blonde,Frank Ocean
2026-04-18,NEW✨,40,Diamonds,Elton John
2026-04-18,NEW✨,41,Unfold,Monsta X
2026-04-18,NEW✨,42,Sweet Boy,Malcolm Todd
2026-04-18,NEW✨,43,I Barely Know Her,sombr
2026-04-18,NEW✨,44,Views,Drake
2026-04-18,NEW✨,45,Hit Me Hard And Soft,Billie Eilish
2026-04-18,NEW✨,46,Chronicle: The 20 Greatest Hits,Creedence Clearwater Revival
2026-04-18,NEW✨,47,Don't Mind If I Do,Riley Green
2026-04-18,NEW✨,48,ANTI,Rihanna
2026-04-18,NEW✨,49,The Best Of Nickelback: Volume 1,Nickelback
2026-04-18,NEW✨,50,Mutiny After Midnight,Johnny Blue Skies & The Dark Clouds
2026-04-18,NEW✨,51,$ome $exy $ongs 4 U,PARTYNEXTDOOR & Drake
2026-04-18,NEW✨,52,Ctrl,SZA
2026-04-18,NEW✨,53,Nevermind,Nirvana
2026-04-18,NEW✨,54,American Heartbreak,Zach Bryan
2026-04-18,NEW✨,55,Swag,Justin Bieber
2026-04-18,NEW✨,56,This One's For You,Luke Combs
2026-04-18,NEW✨,57,Teenage Dream,Katy Perry
2026-04-18,NEW✨,58,Curtain Call: The Hits,Eminem
2026-04-18,NEW✨,59,Certified Lover Boy,Drake
2026-04-18,NEW✨,60,Broken View,Sam Barber
2026-04-18,NEW✨,61,The Rise And Fall Of A Midwest Princess,Chappell Roan
2026-04-18,NEW✨,62,"Where I've Been, Isn't Where I'm Going",Shaboozey
2026-04-18,NEW✨,63,Channel Orange,Frank Ocean
2026-04-18,NEW✨,64,The Fall-Off,J. Cole
2026-04-18,NEW✨,65,"good kid, m.A.A.d city",Kendrick Lamar
2026-04-18,NEW✨,66,Greatest Hits,Pitbull
2026-04-18,NEW✨,67,ADL,Yeat
2026-04-18,NEW✨,68,If I Know Me,Morgan Wallen
2026-04-18,NEW✨,69,The Collection,OneRepublic
2026-04-18,NEW✨,70,The Fame,Lady Gaga
2026-04-18,NEW✨,71,Zach Bryan,Zach Bryan
2026-04-18,NEW✨,72,Legend: The Best Of Bob Marley And The Wailers,Bob Marley And The Wailers
2026-04-18,NEW✨,73,Scorpion,Drake
2026-04-18,NEW✨,74,Greatest Hits,Tom Petty And The Heartbreakers
2026-04-18,NEW✨,75,Journey's Greatest Hits,Journey
2026-04-18,NEW✨,76,"Don't Forget About Me, Demos (EP)",Dominic Fike
2026-04-18,NEW✨,77,Fancy Some More?,PinkPantheress
2026-04-18,NEW✨,78,Doo-Wops & Hooligans,Bruno Mars
2026-04-18,NEW✨,79,Currents,Tame Impala
2026-04-18,NEW✨,80,GNX,Kendrick Lamar
2026-04-18,NEW✨,81,Good Girl Gone Bad,Rihanna
2026-04-18,NEW✨,82,Lover,Taylor Swift
2026-04-18,NEW✨,83,Meteora,Linkin Park
2026-04-18,NEW✨,84,111XPANTIA,Fuerza Regida
2026-04-18,NEW✨,85,35 Biggest Hits,Toby Keith
2026-04-18,NEW✨,86,Folklore,Taylor Swift
2026-04-18,NEW✨,87,Sublime,Sublime
2026-04-18,NEW✨,88,50 Number Ones,George Strait
2026-04-18,NEW✨,89,F-1 Trillion,Post Malone
2026-04-18,NEW✨,90,Thank Me Later,Drake
2026-04-18,NEW✨,91,Deadbeat,Tame Impala
2026-04-18,NEW✨,92,I Hope You're Happy,BigXthaPlug
2026-04-18,NEW✨,93,My Turn,Lil Baby
2026-04-18,NEW✨,94,For All The Dogs,Drake
2026-04-18,NEW✨,95,[Hybrid Theory],Linkin Park
2026-04-18,NEW✨,96,Slime Cry,YoungBoy Never Broke Again
2026-04-18,NEW✨,97,Traveller,Chris Stapleton
2026-04-18,NEW✨,98,Greatest Hits,Fleetwood Mac
2026-04-18,NEW✨,99,Gold: Greatest Hits,ABBA
2026-04-18,NEW✨,100,The Weight Of The Woods,Dermot Kennedy
2026-04-18,NEW✨,101,"Greatest Hits, Vol. I & II",Billy Joel
2026-04-18,NEW✨,102,Emotions,Nine Vicious
2026-04-18,NEW✨,103,Starting Over,Chris Stapleton
2026-04-18,NEW✨,104,The Secret Of Us,Gracie Abrams
2026-04-18,NEW✨,105,I Never Liked You,Future
2026-04-18,NEW✨,106,Midnights,Taylor Swift
2026-04-18,NEW✨,107,DAMN.,Kendrick Lamar
2026-04-18,NEW✨,108,Beautiful Chaos (EP),KATSEYE
2026-04-18,NEW✨,109,Their Greatest Hits 1971-1975,Eagles
2026-04-18,NEW✨,110,Por Si Manana No Estoy,Omar Courtz
2026-04-18,NEW✨,111,Hot Fuss,The Killers
2026-04-18,NEW✨,112,The Best Of Sade,Sade
2026-04-18,NEW✨,113,$ad Boyz 4 Life II,Junior H
2026-04-18,NEW✨,114,AM,Arctic Monkeys
2026-04-18,NEW✨,115,What Not To,Tucker Wetmore
2026-04-18,NEW✨,116,Distracted,Thundercat
2026-04-18,NEW✨,117,The Very Best Of Daryl Hall  John Oates,Daryl Hall  John Oates
2026-04-18,NEW✨,118,Fireworks & Rollerblades,Benson Boone
2026-04-18,NEW✨,119,Greatest Hits,Creed
2026-04-18,NEW✨,120,Leather,Cody Johnson
2026-04-18,NEW✨,121,The Last Wun,Gunna
2026-04-18,NEW✨,122,Submarine,The Marias
2026-04-18,NEW✨,123,Freudian,Daniel Caesar
2026-04-18,NEW✨,124,Hozier,Hozier
2026-04-18,NEW✨,125,Born To Die,Lana Del Rey
2026-04-18,NEW✨,126,Hamilton: An American Musical,Original Broadway Cast
2026-04-18,NEW✨,127,Starboy,The Weeknd
2026-04-18,NEW✨,128,Around The Fur,Deftones
2026-04-18,NEW✨,129,1989,Taylor Swift
2026-04-18,NEW✨,130,2014 Forest Hills Drive,J. Cole
2026-04-18,NEW✨,131,Eternal Sunshine,Ariana Grande
2026-04-18,NEW✨,132,Never Enough,Daniel Caesar
2026-04-18,NEW✨,133,Greatest Hits,Guns N' Roses
2026-04-18,NEW✨,134,reputation,Taylor Swift
2026-04-18,NEW✨,135,All Time Greatest Hits,Lynyrd Skynyrd
2026-04-18,NEW✨,136,Beauty Behind The Madness,The Weeknd
2026-04-18,NEW✨,137,More Life,Drake
2026-04-18,NEW✨,138,The Great American Bar Scene,Zach Bryan
2026-04-18,NEW✨,139,My Beautiful Dark Twisted Fantasy,Kanye West
2026-04-18,NEW✨,140,Fetty Wap,Fetty Wap
2026-04-18,NEW✨,141,After Hours,The Weeknd
2026-04-18,NEW✨,142,20 Number Ones,Thomas Rhett
2026-04-18,NEW✨,143,Child Of God II,Forrest Frank
2026-04-18,NEW✨,144,California Sunrise,Jon Pardi
2026-04-18,NEW✨,145,I've Tried Everything But Therapy (Part I),Teddy Swims
2026-04-18,NEW✨,146,MUSIC,Playboi Carti
2026-04-18,NEW✨,147,The Greatest Hits Collection,Brooks & Dunn
2026-04-18,NEW✨,148,Gettin' Old,Luke Combs
2026-04-18,NEW✨,149,Higher,Chris Stapleton
2026-04-18,NEW✨,150,Californication,Red Hot Chili Peppers
2026-04-18,NEW✨,151,24K Magic,Bruno Mars
2026-04-18,NEW✨,152,CHROMAKOPIA,"Tyler, The Creator"
2026-04-18,NEW✨,153,Goodbye & Good Riddance,Juice WRLD
2026-04-18,NEW✨,154,Toxicity,System of a Down
2026-04-18,NEW✨,155,Cold Beer & Country Music,Zach Top
2026-04-18,NEW✨,156,T R A P S O U L,Bryson Tiller
2026-04-18,NEW✨,157,Icon,Brent Faiyaz
2026-04-18,NEW✨,158,YHLQMDLG,Bad Bunny
2026-04-18,NEW✨,159,Don't Be Dumb,A$AP Rocky
2026-04-18,NEW✨,160,MAYHEM,Lady Gaga
2026-04-18,NEW✨,161,Hurry Up Tomorrow,The Weeknd
2026-04-18,NEW✨,162,Greatest Hits,Bob Seger & The Silver Bullet Band
2026-04-18,NEW✨,163,Harry's House,Harry Styles
2026-04-18,NEW✨,164,Greatest Hits,2Pac
2026-04-18,NEW✨,165,The Greatest Hits,3 Doors Down
2026-04-18,NEW✨,166,The College Dropout,Kanye West
2026-04-18,NEW✨,167,No Vacancy,Treaty Oak Revival
2026-04-18,NEW✨,168,SIS (Soft Is Strong) (EP),KATSEYE
2026-04-18,NEW✨,169,Planet Her,Doja Cat
2026-04-18,NEW✨,170,Metallica,Metallica
2026-04-18,NEW✨,171,Take Care,BigXthaPlug
2026-04-18,NEW✨,172,Heroes & Villains,Metro Boomin
2026-04-18,NEW✨,173,Brat,Charli xcx
2026-04-18,NEW✨,174,Unorthodox Jukebox,Bruno Mars
2026-04-18,NEW✨,175,Get Rich Or Die Tryin',50 Cent
2026-04-18,NEW✨,176,Religiously. The Album.,Bailey Zimmerman
2026-04-18,NEW✨,177,DS2,Future
2026-04-18,NEW✨,178,What You See Is What You Get,Luke Combs
2026-04-18,NEW✨,179,House Of Balloons,The Weeknd
2026-04-18,NEW✨,180,So Good,Zara Larsson
2026-04-18,NEW✨,181,Luv Is Rage 2,Lil Uzi Vert
2026-04-18,NEW✨,182,Greatest Hits,Aerosmith
2026-04-18,NEW✨,183,1989 (Taylor's Version),Taylor Swift
2026-04-18,NEW✨,184,Child Of God,Forrest Frank
2026-04-18,NEW✨,185,Nothing Was The Same,Drake
2026-04-18,NEW✨,186,Think Later,Tate McRae
2026-04-18,NEW✨,187,Pure Heroine,Lorde
2026-04-18,NEW✨,188,Prizefighter,Mumford & Sons
2026-04-18,NEW✨,189,So Be It,Elevation Worship
2026-04-18,NEW✨,190,History: America's Greatest Hits,America
2026-04-18,NEW✨,191,"Greatest Hits, Vol. I",Korn
2026-04-18,NEW✨,192,Utopia,Travis Scott
2026-04-18,NEW✨,193,West Texas Degenerate,Treaty Oak Revival
2026-04-18,NEW✨,194,Shiesty Season,Pooh Shiesty
2026-04-18,NEW✨,195,Genesis,Peso Pluma
2026-04-18,NEW✨,196,"Greatest Hits, Volume One: The Singles",The Goo Goo Dolls
2026-04-18,NEW✨,197,I Will Always Love You: The Best Of Whitney Houston,Whitney Houston
2026-04-18,NEW✨,198,Greatest Hits: The Ultimate Collection,Bon Jovi
2026-04-18,NEW✨,199,We Don't Trust You,Future & Metro Boomin
2026-04-18,NEW✨,200,7220,Lil Durk
2026-04-11,,1,ARIRANG,BTS
2026-04-11,,2,Bully,Ye
2026-04-11,,3,Hades,Melanie Martinez
2026-04-11,,4,I'm The Problem,Morgan Wallen
2026-04-11,,5,ADL,Yeat
2026-04-11,,6,The Way I Am,Luke Combs
2026-04-11,,7,The Art Of Loving,Olivia Dean
2026-04-11,,8,Octane,Don Toliver
2026-04-11,,9,Debi Tirar Mas Fotos,Bad Bunny
2026-04-11,,10,"Kiss All The Time. Disco, Occasionally.",Harry Styles
2026-04-11,,11,This Music May Contain Hope.,RAYE
2026-04-11,,12,The Romantic,Bruno Mars
2026-04-11,,13,The Life Of A Showgirl,Taylor Swift
2026-04-11,,14,One Thing At A Time,Morgan Wallen
2026-04-11,,15,SOS,SZA
2026-04-11,,16,KPop Demon Hunters,Soundtrack
2026-04-11,,17,Stick Season,Noah Kahan
2026-04-11,,18,"You'll Be Alright, Kid",Alex Warren
2026-04-11,,19,Dangerous: The Double Album,Morgan Wallen
2026-04-11,,20,DINASTIA,Peso Pluma & Tito Double P
2026-04-11,,21,The Diamond Collection,Post Malone
2026-04-11,NEW✨,22,Wor$t Girl In America,Slayyyter
2026-04-11,,23,So Close To What,Tate McRae
2026-04-11,,24,Un Verano Sin Ti,Bad Bunny
2026-04-11,,25,Take Care,Drake
2026-04-11,,26,Number Ones,Michael Jackson
2026-04-11,,27,Rumours,Fleetwood Mac
2026-04-11,,28,30 Number One Hits,Jason Aldean
2026-04-11,,29,Short n' Sweet,Sabrina Carpenter
2026-04-11,,30,Hungover,Ella Langley
2026-04-11,NEW✨,31,Engines Of Demolition,Black Label Society
2026-04-11,,32,With Heaven On Top,Zach Bryan
2026-04-11,,33,Cloud 9,Megan Moroney
2026-04-11,,34,Man's Best Friend,Sabrina Carpenter
2026-04-11,,35,The Tortured Poets Department,Taylor Swift
2026-04-11,,36,Am I The Drama?,Cardi B
2026-04-11,,37,Greatest Hits,Queen
2026-04-11,,38,Blonde,Frank Ocean
2026-04-11,,39,Views,Drake
2026-04-11,,40,I Barely Know Her,sombr
2026-04-11,,41,+-=÷x (Tour Collection),Ed Sheeran
2026-04-11,,42,Mutiny After Midnight,Johnny Blue Skies & The Dark Clouds
2026-04-11,,43,Diamonds,Elton John
2026-04-11,,44,The Fall-Off,J. Cole
2026-04-11,,45,Hit Me Hard And Soft,Billie Eilish
2026-04-11,NEW✨,46,Whatever's Clever!,Charlie Puth
2026-04-11,,47,Chronicle: The 20 Greatest Hits,Creedence Clearwater Revival
2026-04-11,,48,Graduation,Kanye West
2026-04-11,,49,Ctrl,SZA
2026-04-11,,50,Nevermind,Nirvana
2026-04-11,,51,Don't Mind If I Do,Riley Green
2026-04-11,NEW✨,52,Animal,Ke$ha
2026-04-11,,53,$ome $exy $ongs 4 U,PARTYNEXTDOOR & Drake
2026-04-11,,54,Fancy Some More?,PinkPantheress
2026-04-11,,55,The Best Of Nickelback: Volume 1,Nickelback
2026-04-11,,56,Sour,Olivia Rodrigo
2026-04-11,,57,ANTI,Rihanna
2026-04-11,,58,This One's For You,Luke Combs
2026-04-11,,59,Curtain Call: The Hits,Eminem
2026-04-11,,60,Sweet Boy,Malcolm Todd
2026-04-11,,61,Certified Lover Boy,Drake
2026-04-11,,62,Teenage Dream,Katy Perry
2026-04-11,,63,"Where I've Been, Isn't Where I'm Going",Shaboozey
2026-04-11,,64,Greatest Hits,Pitbull
2026-04-11,,65,The Rise And Fall Of A Midwest Princess,Chappell Roan
2026-04-11,,66,American Heartbreak,Zach Bryan
2026-04-11,,67,"good kid, m.A.A.d city",Kendrick Lamar
2026-04-11,,68,The Fame,Lady Gaga
2026-04-11,,69,The Collection,OneRepublic
2026-04-11,,70,GNX,Kendrick Lamar
2026-04-11,,71,Channel Orange,Frank Ocean
2026-04-11,,72,Good Girl Gone Bad,Rihanna
2026-04-11,,73,Folklore,Taylor Swift
2026-04-11,,74,Lover,Taylor Swift
2026-04-11,,75,Journey's Greatest Hits,Journey
2026-04-11,,76,Legend: The Best Of Bob Marley And The Wailers,Bob Marley And The Wailers
2026-04-11,,77,Guts,Olivia Rodrigo
2026-04-11,,78,Scorpion,Drake
2026-04-11,,79,Slime Cry,YoungBoy Never Broke Again
2026-04-11,,80,If I Know Me,Morgan Wallen
2026-04-11,,81,Doo-Wops & Hooligans,Bruno Mars
2026-04-11,,82,Zach Bryan,Zach Bryan
2026-04-11,,83,Greatest Hits,Tom Petty And The Heartbreakers
2026-04-11,,84,Currents,Tame Impala
2026-04-11,,85,Meteora,Linkin Park
2026-04-11,,86,Swag,Justin Bieber
2026-04-11,,87,111XPANTIA,Fuerza Regida
2026-04-11,,88,Sublime,Sublime
2026-04-11,,89,35 Biggest Hits,Toby Keith
2026-04-11,,90,"Don't Forget About Me, Demos (EP)",Dominic Fike
2026-04-11,,91,Thank Me Later,Drake
2026-04-11,,92,For All The Dogs,Drake
2026-04-11,,93,My Turn,Lil Baby
2026-04-11,,94,50 Number Ones,George Strait
2026-04-11,,95,Midnights,Taylor Swift
2026-04-11,,96,Por Si Manana No Estoy,Omar Courtz
2026-04-11,,97,[Hybrid Theory],Linkin Park
2026-04-11,,98,Deadbeat,Tame Impala
2026-04-11,,99,"Greatest Hits, Vol. I & II",Billy Joel
2026-04-11,,100,The Secret Of Us,Gracie Abrams
2026-04-11,,101,DAMN.,Kendrick Lamar
2026-04-11,,102,Traveller,Chris Stapleton
2026-04-11,,103,F-1 Trillion,Post Malone
2026-04-11,,104,I Never Liked You,Future
2026-04-11,,105,Gold: Greatest Hits,ABBA
2026-04-11,,106,I Hope You're Happy,BigXthaPlug
2026-04-11,,107,Hot Fuss,The Killers
2026-04-11,,108,Greatest Hits,Fleetwood Mac
2026-04-11,,109,$ad Boyz 4 Life II,Junior H
2026-04-11,,110,The Best Of Sade,Sade
2026-04-11,,111,Starboy,The Weeknd
2026-04-11,,112,Starting Over,Chris Stapleton
2026-04-11,,113,The Last Wun,Gunna
2026-04-11,,114,Born To Die,Lana Del Rey
2026-04-11,,115,Hozier,Hozier
2026-04-11,,116,Beautiful Chaos (EP),KATSEYE
2026-04-11,,117,2014 Forest Hills Drive,J. Cole
2026-04-11,,118,Greatest Hits,Creed
2026-04-11,,119,Their Greatest Hits 1971-1975,Eagles
2026-04-11,,120,Around The Fur,Deftones
2026-04-11,,121,Hamilton: An American Musical,Original Broadway Cast
2026-04-11,,122,Submarine,The Marias
2026-04-11,,123,Fetty Wap,Fetty Wap
2026-04-11,,124,AM,Arctic Monkeys
2026-04-11,,125,Eternal Sunshine,Ariana Grande
2026-04-11,,126,1989,Taylor Swift
2026-04-11,,127,Leather,Cody Johnson
2026-04-11,NEW✨,128,Sexistential,Robyn
2026-04-11,,129,reputation,Taylor Swift
2026-04-11,,130,What Not To,Tucker Wetmore
2026-04-11,,131,Fireworks & Rollerblades,Benson Boone
2026-04-11,,132,All Time Greatest Hits,Lynyrd Skynyrd
2026-04-11,,133,After Hours,The Weeknd
2026-04-11,,134,The Very Best Of Daryl Hall  John Oates,Daryl Hall  John Oates
2026-04-11,,135,Greatest Hits,Guns N' Roses
2026-04-11,,136,Beauty Behind The Madness,The Weeknd
2026-04-11,,137,CHROMAKOPIA,"Tyler, The Creator"
2026-04-11,,138,More Life,Drake
2026-04-11,,139,MAYHEM,Lady Gaga
2026-04-11,,140,MUSIC,Playboi Carti
2026-04-11,,141,Child Of God II,Forrest Frank
2026-04-11,,142,The Great American Bar Scene,Zach Bryan
2026-04-11,,143,20 Number Ones,Thomas Rhett
2026-04-11,,144,YHLQMDLG,Bad Bunny
2026-04-11,,145,Californication,Red Hot Chili Peppers
2026-04-11,,146,T R A P S O U L,Bryson Tiller
2026-04-11,,147,I've Tried Everything But Therapy (Part I),Teddy Swims
2026-04-11,,148,California Sunrise,Jon Pardi
2026-04-11,,149,Harry's House,Harry Styles
2026-04-11,,150,Metallica,Metallica
2026-04-11,,151,Never Enough,Daniel Caesar
2026-04-11,,152,Toxicity,System of a Down
2026-04-11,,153,Gettin' Old,Luke Combs
2026-04-11,NEW✨,154,Sex Hysteria,Jessie Murph
2026-04-11,,155,Freudian,Daniel Caesar
2026-04-11,,156,The Greatest Hits,3 Doors Down
2026-04-11,,157,Goodbye & Good Riddance,Juice WRLD
2026-04-11,,158,Higher,Chris Stapleton
2026-04-11,,159,24K Magic,Bruno Mars
2026-04-11,,160,Brat,Charli xcx
2026-04-11,,161,The Greatest Hits Collection,Brooks & Dunn
2026-04-11,,162,Get Rich Or Die Tryin',50 Cent
2026-04-11,,163,1989 (Taylor's Version),Taylor Swift
2026-04-11,,164,Greatest Hits,2Pac
2026-04-11,,165,Greatest Hits,Bob Seger & The Silver Bullet Band
2026-04-11,,166,No Vacancy,Treaty Oak Revival
2026-04-11,,167,Don't Be Dumb,A$AP Rocky
2026-04-11,,168,Planet Her,Doja Cat
2026-04-11,NEW✨,169,Zavier,Fetty Wap
2026-04-11,,170,Heroes & Villains,Metro Boomin
2026-04-11,,171,Hurry Up Tomorrow,The Weeknd
2026-04-11,,172,Take Care,BigXthaPlug
2026-04-11,,173,DS2,Future
2026-04-11,,174,House Of Balloons,The Weeknd
2026-04-11,,175,Cold Beer & Country Music,Zach Top
2026-04-11,,176,Pure Heroine,Lorde
2026-04-11,,177,Think Later,Tate McRae
2026-04-11,,178,Unorthodox Jukebox,Bruno Mars
2026-04-11,,179,Luv Is Rage 2,Lil Uzi Vert
2026-04-11,,180,What You See Is What You Get,Luke Combs
2026-04-11,,181,My Beautiful Dark Twisted Fantasy,Kanye West
2026-04-11,,182,Nothing Was The Same,Drake
2026-04-11,,183,West Texas Degenerate,Treaty Oak Revival
2026-04-11,NEW✨,184,Greatest Hits So Far...,Zac Brown Band
2026-04-11,NEW✨,185,Abbey Road,The Beatles
2026-04-11,,186,Icon,Brent Faiyaz
2026-04-11,,187,Religiously. The Album.,Bailey Zimmerman
2026-04-11,,188,Child Of God,Forrest Frank
2026-04-11,,189,"Greatest Hits, Volume One: The Singles",The Goo Goo Dolls
2026-04-11,,190,We Don't Trust You,Future & Metro Boomin
2026-04-11,,191,"Greatest Hits, Vol. I",Korn
2026-04-11,NEW✨,192,Rise,Melissa Etheridge
2026-04-11,,193,So Good,Zara Larsson
2026-04-11,NEW✨,194,Rebel,EsDeeKid
2026-04-11,,195,Prizefighter,Mumford & Sons
2026-04-11,,196,Genesis,Peso Pluma
2026-04-11,,197,I Will Always Love You: The Best Of Whitney Houston,Whitney Houston
2026-04-11,NEW✨,198,Honora,Flea
2026-04-11,,199,Utopia,Travis Scott
2026-04-11,NEW✨,200,"When We All Fall Asleep, Where Do We Go?",Billie Eilish
2026-04-04,,1,ARIRANG,BTS
2026-04-04,,2,The Way I Am,Luke Combs
2026-04-04,,3,I'm The Problem,Morgan Wallen
2026-04-04,,4,"Kiss All The Time. Disco, Occasionally.",Harry Styles
2026-04-04,,5,Octane,Don Toliver
2026-04-04,,6,The Art Of Loving,Olivia Dean
2026-04-04,,7,Debi Tirar Mas Fotos,Bad Bunny
2026-04-04,,8,The Romantic,Bruno Mars
2026-04-04,,9,One Thing At A Time,Morgan Wallen
2026-04-04,,10,KPop Demon Hunters,Soundtrack
2026-04-04,,11,SOS,SZA
2026-04-04,,12,The Life Of A Showgirl,Taylor Swift
2026-04-04,,13,Stick Season,Noah Kahan
2026-04-04,,14,"You'll Be Alright, Kid",Alex Warren
2026-04-04,,15,Dangerous: The Double Album,Morgan Wallen
2026-04-04,,16,DINASTIA,Peso Pluma & Tito Double P
2026-04-04,,17,So Close To What,Tate McRae
2026-04-04,,18,Un Verano Sin Ti,Bad Bunny
2026-04-04,,19,The Diamond Collection,Post Malone
2026-04-04,,20,With Heaven On Top,Zach Bryan
2026-04-04,,21,Cloud 9,Megan Moroney
2026-04-04,,22,Short n' Sweet,Sabrina Carpenter
2026-04-04,,23,Take Care,Drake
2026-04-04,,24,30 Number One Hits,Jason Aldean
2026-04-04,,25,Rumours,Fleetwood Mac
2026-04-04,,26,Number Ones,Michael Jackson
2026-04-04,,27,Man's Best Friend,Sabrina Carpenter
2026-04-04,,28,Hungover,Ella Langley
2026-04-04,,29,The Fall-Off,J. Cole
2026-04-04,,30,The Tortured Poets Department,Taylor Swift
2026-04-04,,31,Am I The Drama?,Cardi B
2026-04-04,,32,Greatest Hits,Queen
2026-04-04,,33,Blonde,Frank Ocean
2026-04-04,,34,Views,Drake
2026-04-04,,35,I Barely Know Her,sombr
2026-04-04,,36,Diamonds,Elton John
2026-04-04,,37,+-=÷x (Tour Collection),Ed Sheeran
2026-04-04,,38,Hit Me Hard And Soft,Billie Eilish
2026-04-04,,39,Fancy Some More?,PinkPantheress
2026-04-04,,40,$ome $exy $ongs 4 U,PARTYNEXTDOOR & Drake
2026-04-04,,41,Chronicle: The 20 Greatest Hits,Creedence Clearwater Revival
2026-04-04,,42,Don't Mind If I Do,Riley Green
2026-04-04,,43,ANTI,Rihanna
2026-04-04,,44,This One's For You,Luke Combs
2026-04-04,,45,The Rise And Fall Of A Midwest Princess,Chappell Roan
2026-04-04,,46,Ctrl,SZA
2026-04-04,,47,The Best Of Nickelback: Volume 1,Nickelback
2026-04-04,,48,Sour,Olivia Rodrigo
2026-04-04,,49,Curtain Call: The Hits,Eminem
2026-04-04,,50,Certified Lover Boy,Drake
2026-04-04,,51,Nevermind,Nirvana
2026-04-04,,52,Graduation,Kanye West
2026-04-04,,53,"Where I've Been, Isn't Where I'm Going",Shaboozey
2026-04-04,,54,"good kid, m.A.A.d city",Kendrick Lamar
2026-04-04,,55,Teenage Dream,Katy Perry
2026-04-04,,56,Greatest Hits,Pitbull
2026-04-04,,57,Channel Orange,Frank Ocean
2026-04-04,,58,American Heartbreak,Zach Bryan
2026-04-04,,59,GNX,Kendrick Lamar
2026-04-04,,60,The Fame,Lady Gaga
2026-04-04,,61,Slime Cry,YoungBoy Never Broke Again
2026-04-04,,62,Scorpion,Drake
2026-04-04,,63,Guts,Olivia Rodrigo
2026-04-04,,64,Good Girl Gone Bad,Rihanna
2026-04-04,,65,Legend: The Best Of Bob Marley And The Wailers,Bob Marley And The Wailers
2026-04-04,,66,If I Know Me,Morgan Wallen
2026-04-04,,67,Journey's Greatest Hits,Journey
2026-04-04,,68,111XPANTIA,Fuerza Regida
2026-04-04,,69,Doo-Wops & Hooligans,Bruno Mars
2026-04-04,,70,Lover,Taylor Swift
2026-04-04,,71,Greatest Hits,Tom Petty And The Heartbreakers
2026-04-04,,72,Currents,Tame Impala
2026-04-04,,73,Thank Me Later,Drake
2026-04-04,,74,For All The Dogs,Drake
2026-04-04,,75,35 Biggest Hits,Toby Keith
2026-04-04,,76,Zach Bryan,Zach Bryan
2026-04-04,,77,Meteora,Linkin Park
2026-04-04,,78,"Don't Forget About Me, Demos (EP)",Dominic Fike
2026-04-04,,79,Sublime,Sublime
2026-04-04,,80,My Turn,Lil Baby
2026-04-04,,81,Por Si Manana No Estoy,Omar Courtz
2026-04-04,,82,Sweet Boy,Malcolm Todd
2026-04-04,,83,50 Number Ones,George Strait
2026-04-04,,84,Swag,Justin Bieber
2026-04-04,,85,Beautiful Chaos (EP),KATSEYE
2026-04-04,,86,Folklore,Taylor Swift
2026-04-04,,87,F-1 Trillion,Post Malone
2026-04-04,,88,[Hybrid Theory],Linkin Park
2026-04-04,,89,I Hope You're Happy,BigXthaPlug
2026-04-04,,90,Traveller,Chris Stapleton
2026-04-04,,91,The Secret Of Us,Gracie Abrams
2026-04-04,,92,$ad Boyz 4 Life II,Junior H
2026-04-04,,93,I Never Liked You,Future
2026-04-04,,94,Gold: Greatest Hits,ABBA
2026-04-04,,95,"Greatest Hits, Vol. I & II",Billy Joel
2026-04-04,,96,DAMN.,Kendrick Lamar
2026-04-04,,97,Greatest Hits,Fleetwood Mac
2026-04-04,,98,Midnights,Taylor Swift
2026-04-04,,99,The Last Wun,Gunna
2026-04-04,,100,Deadbeat,Tame Impala
2026-04-04,,101,The Collection,OneRepublic
2026-04-04,,102,Hozier,Hozier
2026-04-04,,103,2014 Forest Hills Drive,J. Cole
2026-04-04,,104,Starting Over,Chris Stapleton
2026-04-04,,105,Greatest Hits,Creed
2026-04-04,,106,The Best Of Sade,Sade
2026-04-04,,107,Starboy,The Weeknd
2026-04-04,,108,Hot Fuss,The Killers
2026-04-04,NEW✨,109,Deadline (EP),BLACKPINK
2026-04-04,,110,Their Greatest Hits 1971-1975,Eagles
2026-04-04,,111,Greatest Hits,2Pac
2026-04-04,,112,What Not To,Tucker Wetmore
2026-04-04,,113,Submarine,The Marias
2026-04-04,,114,Leather,Cody Johnson
2026-04-04,,115,AM,Arctic Monkeys
2026-04-04,,116,1989,Taylor Swift
2026-04-04,,117,Fetty Wap,Fetty Wap
2026-04-04,NEW✨,118,600 Entertainment: 6WA,BigXthaPlug & Ro$ama & Various Artists
2026-04-04,,119,Hamilton: An American Musical,Original Broadway Cast
2026-04-04,,120,After Hours,The Weeknd
2026-04-04,,121,Born To Die,Lana Del Rey
2026-04-04,,122,MUSIC,Playboi Carti
2026-04-04,,123,All Time Greatest Hits,Lynyrd Skynyrd
2026-04-04,,124,More Life,Drake
2026-04-04,,125,MAYHEM,Lady Gaga
2026-04-04,,126,Around The Fur,Deftones
2026-04-04,,127,Greatest Hits,Guns N' Roses
2026-04-04,,128,reputation,Taylor Swift
2026-04-04,,129,YHLQMDLG,Bad Bunny
2026-04-04,,130,Fireworks & Rollerblades,Benson Boone
2026-04-04,,131,The Very Best Of Daryl Hall  John Oates,Daryl Hall  John Oates
2026-04-04,,132,20 Number Ones,Thomas Rhett
2026-04-04,,133,Beauty Behind The Madness,The Weeknd
2026-04-04,,134,Eternal Sunshine,Ariana Grande
2026-04-04,,135,Gettin' Old,Luke Combs
2026-04-04,,136,Child Of God II,Forrest Frank
2026-04-04,,137,The Great American Bar Scene,Zach Bryan
2026-04-04,NEW✨,138,Unique (EP),P1Harmony
2026-04-04,,139,CHROMAKOPIA,"Tyler, The Creator"
2026-04-04,,140,Harry's House,Harry Styles
2026-04-04,,141,Brat,Charli xcx
2026-04-04,,142,California Sunrise,Jon Pardi
2026-04-04,,143,Higher,Chris Stapleton
2026-04-04,,144,Goodbye & Good Riddance,Juice WRLD
2026-04-04,,145,The Greatest Hits,3 Doors Down
2026-04-04,,146,Greatest Hits So Far...,Zac Brown Band
2026-04-04,NEW✨,147,Ca$ino,Baby Keem
2026-04-04,,148,Metallica,Metallica
2026-04-04,,149,I've Tried Everything But Therapy (Part I),Teddy Swims
2026-04-04,,150,Never Enough,Daniel Caesar
2026-04-04,,151,Icon,Brent Faiyaz
2026-04-04,,152,Hurry Up Tomorrow,The Weeknd
2026-04-04,,153,Toxicity,System of a Down
2026-04-04,,154,T R A P S O U L,Bryson Tiller
2026-04-04,,155,Greatest Hits,Bob Seger & The Silver Bullet Band
2026-04-04,,156,Prizefighter,Mumford & Sons
2026-04-04,,157,Californication,Red Hot Chili Peppers
2026-04-04,,158,DS2,Future
2026-04-04,,159,Take Care,BigXthaPlug
2026-04-04,,160,24K Magic,Bruno Mars
2026-04-04,,161,The Greatest Hits Collection,Brooks & Dunn
2026-04-04,,162,Get Rich Or Die Tryin',50 Cent
2026-04-04,,163,Heroes & Villains,Metro Boomin
2026-04-04,,164,What You See Is What You Get,Luke Combs
2026-04-04,,165,No Vacancy,Treaty Oak Revival
2026-04-04,NEW✨,166,Future Soul,Tedeschi Trucks Band
2026-04-04,,167,Planet Her,Doja Cat
2026-04-04,,168,Rebel,EsDeeKid
2026-04-04,,169,Freudian,Daniel Caesar
2026-04-04,,170,House Of Balloons,The Weeknd
2026-04-04,,171,Nothing Was The Same,Drake
2026-04-04,NEW✨,172,R3SET,Mike Will Made-It
2026-04-04,,173,Think Later,Tate McRae
2026-04-04,,174,Don't Be Dumb,A$AP Rocky
2026-04-04,,175,Luv Is Rage 2,Lil Uzi Vert
2026-04-04,,176,West Texas Degenerate,Treaty Oak Revival
2026-04-04,,177,Cold Beer & Country Music,Zach Top
2026-04-04,,178,Unorthodox Jukebox,Bruno Mars
2026-04-04,,179,1989 (Taylor's Version),Taylor Swift
2026-04-04,,180,Pure Heroine,Lorde
2026-04-04,,181,We Don't Trust You,Future & Metro Boomin
2026-04-04,,182,Child Of God,Forrest Frank
2026-04-04,,183,Genesis,Peso Pluma
2026-04-04,NEW✨,184,The Sin:Vanish: 7th Mini Album (EP),ENHYPEN
2026-04-04,,185,Religiously. The Album.,Bailey Zimmerman
2026-04-04,,186,Utopia,Travis Scott
2026-04-04,,187,"Greatest Hits, Volume One: The Singles",The Goo Goo Dolls
2026-04-04,,188,So Good,Zara Larsson
2026-04-04,NEW✨,189,Greatest Hits,The Notorious B.I.G.
2026-04-04,,190,7220,Lil Durk
2026-04-04,NEW✨,191,Nadie Sabe Lo Que Va A Pasar Manana,Bad Bunny
2026-04-04,,192,Greatest Hits: The Ultimate Collection,Bon Jovi
2026-04-04,,193,I Will Always Love You: The Best Of Whitney Houston,Whitney Houston
2026-04-04,NEW✨,194,MASA,YoungBoy Never Broke Again
2026-04-04,NEW✨,195,Fine Line,Harry Styles
2026-04-04,NEW✨,196,Parker McCollum,Parker McCollum
2026-04-04,NEW✨,197,Sounds Of Summer: The Very Best Of The Beach Boys,The Beach Boys
2026-04-04,NEW✨,198,Her Loss,Drake & 21 Savage
2026-04-04,NEW✨,199,Hot Rocks 1964-1971,The Rolling Stones
2026-04-04,,200,My Beautiful Dark Twisted Fantasy,Kanye West
2026-03-28,,1,"Kiss All The Time. Disco, Occasionally.",Harry Styles
2026-03-28,,2,I'm The Problem,Morgan Wallen
2026-03-28,,3,Mutiny After Midnight,Johnny Blue Skies & The Dark Clouds
2026-03-28,,4,Unique (EP),P1Harmony
2026-03-28,,5,Debi Tirar Mas Fotos,Bad Bunny
2026-03-28,,6,Octane,Don Toliver
2026-03-28,,7,The Art Of Loving,Olivia Dean
2026-03-28,,8,The Romantic,Bruno Mars
2026-03-28,,9,So Close To What,Tate McRae
2026-03-28,,10,KPop Demon Hunters,Soundtrack
2026-03-28,,11,The Life Of A Showgirl,Taylor Swift
2026-03-28,,12,One Thing At A Time,Morgan Wallen
2026-03-28,,13,SOS,SZA
2026-03-28,,14,Stick Season,Noah Kahan
2026-03-28,,15,Cloud 9,Megan Moroney
2026-03-28,,16,"You'll Be Alright, Kid",Alex Warren
2026-03-28,,17,Un Verano Sin Ti,Bad Bunny
2026-03-28,,18,Dangerous: The Double Album,Morgan Wallen
2026-03-28,,19,DINASTIA,Peso Pluma & Tito Double P
2026-03-28,,20,The Diamond Collection,Post Malone
2026-03-28,NEW✨,21,Into Oblivion,Lamb of God
2026-03-28,,22,Take Care,Drake
2026-03-28,,23,The Fall-Off,J. Cole
2026-03-28,,24,Short n' Sweet,Sabrina Carpenter
2026-03-28,,25,Number Ones,Michael Jackson
2026-03-28,,26,30 Number One Hits,Jason Aldean
2026-03-28,,27,Man's Best Friend,Sabrina Carpenter
2026-03-28,,28,With Heaven On Top,Zach Bryan
2026-03-28,,29,Rumours,Fleetwood Mac
2026-03-28,,30,Hungover,Ella Langley
2026-03-28,,31,Am I The Drama?,Cardi B
2026-03-28,,32,The Tortured Poets Department,Taylor Swift
2026-03-28,,33,Fancy Some More?,PinkPantheress
2026-03-28,,34,Blonde,Frank Ocean
2026-03-28,,35,I Barely Know Her,sombr
2026-03-28,,36,Greatest Hits,Queen
2026-03-28,,37,+-=÷x (Tour Collection),Ed Sheeran
2026-03-28,,38,Views,Drake
2026-03-28,,39,Hit Me Hard And Soft,Billie Eilish
2026-03-28,NEW✨,40,Monica,Jack Harlow
2026-03-28,,41,$ome $exy $ongs 4 U,PARTYNEXTDOOR & Drake
2026-03-28,,42,Diamonds,Elton John
2026-03-28,,43,The Sin:Vanish: 7th Mini Album (EP),ENHYPEN
2026-03-28,,44,ANTI,Rihanna
2026-03-28,,45,The Rise And Fall Of A Midwest Princess,Chappell Roan
2026-03-28,,46,Slime Cry,YoungBoy Never Broke Again
2026-03-28,,47,Chronicle: The 20 Greatest Hits,Creedence Clearwater Revival
2026-03-28,,48,Ctrl,SZA
2026-03-28,,49,Curtain Call: The Hits,Eminem
2026-03-28,,50,The Best Of Nickelback: Volume 1,Nickelback
2026-03-28,,51,Nevermind,Nirvana
2026-03-28,,52,Certified Lover Boy,Drake
2026-03-28,,53,Graduation,Kanye West
2026-03-28,,54,"Where I've Been, Isn't Where I'm Going",Shaboozey
2026-03-28,,55,Don't Mind If I Do,Riley Green
2026-03-28,,56,"good kid, m.A.A.d city",Kendrick Lamar
2026-03-28,,57,Greatest Hits,Pitbull
2026-03-28,,58,GNX,Kendrick Lamar
2026-03-28,,59,Sour,Olivia Rodrigo
2026-03-28,,60,American Heartbreak,Zach Bryan
2026-03-28,,61,Channel Orange,Frank Ocean
2026-03-28,,62,The Fame,Lady Gaga
2026-03-28,,63,Por Si Manana No Estoy,Omar Courtz
2026-03-28,,64,Doo-Wops & Hooligans,Bruno Mars
2026-03-28,,65,Scorpion,Drake
2026-03-28,,66,Good Girl Gone Bad,Rihanna
2026-03-28,,67,Teenage Dream,Katy Perry
2026-03-28,,68,This One's For You,Luke Combs
2026-03-28,,69,111XPANTIA,Fuerza Regida
2026-03-28,,70,The Collection,OneRepublic
2026-03-28,,71,I Hope You're Happy,BigXthaPlug
2026-03-28,,72,Journey's Greatest Hits,Journey
2026-03-28,,73,Meteora,Linkin Park
2026-03-28,,74,Lover,Taylor Swift
2026-03-28,,75,Swag,Justin Bieber
2026-03-28,,76,Legend: The Best Of Bob Marley And The Wailers,Bob Marley And The Wailers
2026-03-28,,77,For All The Dogs,Drake
2026-03-28,,78,Folklore,Taylor Swift
2026-03-28,,79,Zach Bryan,Zach Bryan
2026-03-28,,80,Currents,Tame Impala
2026-03-28,,81,Guts,Olivia Rodrigo
2026-03-28,,82,Thank Me Later,Drake
2026-03-28,,83,Ca$ino,Baby Keem
2026-03-28,,84,If I Know Me,Morgan Wallen
2026-03-28,,85,[Hybrid Theory],Linkin Park
2026-03-28,,86,My Turn,Lil Baby
2026-03-28,,87,50 Number Ones,George Strait
2026-03-28,,88,Sweet Boy,Malcolm Todd
2026-03-28,,89,35 Biggest Hits,Toby Keith
2026-03-28,,90,DAMN.,Kendrick Lamar
2026-03-28,,91,F-1 Trillion,Post Malone
2026-03-28,,92,The Secret Of Us,Gracie Abrams
2026-03-28,,93,Hozier,Hozier
2026-03-28,,94,Greatest Hits,Tom Petty And The Heartbreakers
2026-03-28,,95,I Never Liked You,Future
2026-03-28,,96,Beautiful Chaos (EP),KATSEYE
2026-03-28,NEW✨,97,The Mountain,Gorillaz
2026-03-28,,98,Deadline (EP),BLACKPINK
2026-03-28,,99,Gold: Greatest Hits,ABBA
2026-03-28,,100,Sublime,Sublime
2026-03-28,,101,Submarine,The Marias
2026-03-28,,102,"Greatest Hits, Vol. I & II",Billy Joel
2026-03-28,,103,Prizefighter,Mumford & Sons
2026-03-28,,104,The Last Wun,Gunna
2026-03-28,,105,Greatest Hits,Creed
2026-03-28,,106,Midnights,Taylor Swift
2026-03-28,,107,"Don't Forget About Me, Demos (EP)",Dominic Fike
2026-03-28,,108,Traveller,Chris Stapleton
2026-03-28,,109,Icon,Brent Faiyaz
2026-03-28,,110,2014 Forest Hills Drive,J. Cole
2026-03-28,,111,The Best Of Sade,Sade
2026-03-28,,112,Around The Fur,Deftones
2026-03-28,,113,MUSIC,Playboi Carti
2026-03-28,,114,$ad Boyz 4 Life II,Junior H
2026-03-28,,115,Rebel,EsDeeKid
2026-03-28,,116,Greatest Hits,Fleetwood Mac
2026-03-28,,117,Starboy,The Weeknd
2026-03-28,,118,Starting Over,Chris Stapleton
2026-03-28,,119,Harry's House,Harry Styles
2026-03-28,,120,Hamilton: An American Musical,Original Broadway Cast
2026-03-28,,121,Deadbeat,Tame Impala
2026-03-28,,122,AM,Arctic Monkeys
2026-03-28,,123,Fetty Wap,Fetty Wap
2026-03-28,,124,YHLQMDLG,Bad Bunny
2026-03-28,,125,MAYHEM,Lady Gaga
2026-03-28,,126,Born To Die,Lana Del Rey
2026-03-28,,127,More Life,Drake
2026-03-28,,128,What Not To,Tucker Wetmore
2026-03-28,,129,Hot Fuss,The Killers
2026-03-28,,130,Leather,Cody Johnson
2026-03-28,,131,1989,Taylor Swift
2026-03-28,,132,All Time Greatest Hits,Lynyrd Skynyrd
2026-03-28,,133,Beauty Behind The Madness,The Weeknd
2026-03-28,,134,After Hours,The Weeknd
2026-03-28,,135,Fireworks & Rollerblades,Benson Boone
2026-03-28,,136,reputation,Taylor Swift
2026-03-28,,137,Their Greatest Hits 1971-1975,Eagles
2026-03-28,,138,CHROMAKOPIA,"Tyler, The Creator"
2026-03-28,,139,Greatest Hits,Guns N' Roses
2026-03-28,,140,Eternal Sunshine,Ariana Grande
2026-03-28,,141,Child Of God II,Forrest Frank
2026-03-28,,142,The Greatest Hits,3 Doors Down
2026-03-28,,143,Never Enough,Daniel Caesar
2026-03-28,,144,Hurry Up Tomorrow,The Weeknd
2026-03-28,,145,The Great American Bar Scene,Zach Bryan
2026-03-28,,146,The Very Best Of Daryl Hall  John Oates,Daryl Hall  John Oates
2026-03-28,,147,Brat,Charli xcx
2026-03-28,,148,Higher,Chris Stapleton
2026-03-28,,149,Goodbye & Good Riddance,Juice WRLD
2026-03-28,,150,24K Magic,Bruno Mars
2026-03-28,,151,I've Tried Everything But Therapy (Part I),Teddy Swims
2026-03-28,,152,Gettin' Old,Luke Combs
2026-03-28,,153,Toxicity,System of a Down
2026-03-28,,154,20 Number Ones,Thomas Rhett
2026-03-28,,155,Planet Her,Doja Cat
2026-03-28,,156,Heroes & Villains,Metro Boomin
2026-03-28,,157,Take Care,BigXthaPlug
2026-03-28,,158,Unorthodox Jukebox,Bruno Mars
2026-03-28,,159,Greatest Hits,2Pac
2026-03-28,,160,Get Rich Or Die Tryin',50 Cent
2026-03-28,,161,Freudian,Daniel Caesar
2026-03-28,,162,DS2,Future
2026-03-28,,163,Metallica,Metallica
2026-03-28,,164,Don't Be Dumb,A$AP Rocky
2026-03-28,,165,Think Later,Tate McRae
2026-03-28,,166,Luv Is Rage 2,Lil Uzi Vert
2026-03-28,,167,West Texas Degenerate,Treaty Oak Revival
2026-03-28,,168,Fine Line,Harry Styles
2026-03-28,,169,Nothing Was The Same,Drake
2026-03-28,,170,California Sunrise,Jon Pardi
2026-03-28,,171,The Greatest Hits Collection,Brooks & Dunn
2026-03-28,,172,No Vacancy,Treaty Oak Revival
2026-03-28,,173,T R A P S O U L,Bryson Tiller
2026-03-28,,174,Nadie Sabe Lo Que Va A Pasar Manana,Bad Bunny
2026-03-28,,175,"Greatest Hits, Volume One: The Singles",The Goo Goo Dolls
2026-03-28,,176,Californication,Red Hot Chili Peppers
2026-03-28,,177,Child Of God,Forrest Frank
2026-03-28,,178,What You See Is What You Get,Luke Combs
2026-03-28,,179,House Of Balloons,The Weeknd
2026-03-28,,180,Cold Beer & Country Music,Zach Top
2026-03-28,,181,We Don't Trust You,Future & Metro Boomin
2026-03-28,,182,Greatest Hits,Bob Seger & The Silver Bullet Band
2026-03-28,,183,1989 (Taylor's Version),Taylor Swift
2026-03-28,,184,So Good,Zara Larsson
2026-03-28,,185,Pure Heroine,Lorde
2026-03-28,,186,Greatest Hits,Aerosmith
2026-03-28,,187,Utopia,Travis Scott
2026-03-28,,188,Genesis,Peso Pluma
2026-03-28,,189,Religiously. The Album.,Bailey Zimmerman
2026-03-28,,190,I Will Always Love You: The Best Of Whitney Houston,Whitney Houston
2026-03-28,,191,MASA,YoungBoy Never Broke Again
2026-03-28,NEW✨,192,Over It,Summer Walker
2026-03-28,,193,Greatest Hits So Far...,Zac Brown Band
2026-03-28,,194,7220,Lil Durk
2026-03-28,,195,My Beautiful Dark Twisted Fantasy,Kanye West
2026-03-28,NEW✨,196,The Highlights,The Weeknd
2026-03-28,NEW✨,197,DEPR</3$$ED MFKZ,Junior H & Gael Valenzuela
2026-03-28,NEW✨,198,One - X,Three Days Grace
2026-03-28,,199,"When We All Fall Asleep, Where Do We Go?",Billie Eilish
2026-03-28,,200,Greatest Hits: The Ultimate Collection,Bon Jovi
2026-04-25,NEW✨,1,Dandelion,Ella Langley
2026-04-25,,2,I'm The Problem,Morgan Wallen
2026-04-25,,3,ARIRANG,BTS
2026-04-25,,4,Octane,Don Toliver
2026-04-25,,5,The Art Of Loving,Olivia Dean
2026-04-25,,6,Debi Tirar Mas Fotos,Bad Bunny
2026-04-25,,7,Swag,Justin Bieber
2026-04-25,,8,The Way I Am,Luke Combs
2026-04-25,,9,One Thing At A Time,Morgan Wallen
2026-04-25,,10,Man's Best Friend,Sabrina Carpenter
2026-04-25,,11,The Romantic,Bruno Mars
2026-04-25,,12,SOS,SZA
2026-04-25,,13,Bully,Ye
2026-04-25,,14,Stick Season,Noah Kahan
2026-04-25,,15,The Life Of A Showgirl,Taylor Swift
2026-04-25,,16,KPop Demon Hunters,Soundtrack
2026-04-25,,17,Short n' Sweet,Sabrina Carpenter
2026-04-25,,18,"Kiss All The Time. Disco, Occasionally.",Harry Styles
2026-04-25,NEW✨,19,A Matter Of Time,Laufey
2026-04-25,,20,Dangerous: The Double Album,Morgan Wallen
2026-04-25,,21,The Diamond Collection,Post Malone
2026-04-25,,22,"You'll Be Alright, Kid",Alex Warren
2026-04-25,,23,Number Ones,Michael Jackson
2026-04-25,,24,Rumours,Fleetwood Mac
2026-04-25,,25,Hungover,Ella Langley
2026-04-25,,26,DINASTIA,Peso Pluma & Tito Double P
2026-04-25,,27,30 Number One Hits,Jason Aldean
2026-04-25,,28,Take Care,Drake
2026-04-25,,29,Un Verano Sin Ti,Bad Bunny
2026-04-25,,30,So Close To What,Tate McRae
2026-04-25,,31,This Music May Contain Hope.,RAYE
2026-04-25,NEW✨,32,Purpose,Justin Bieber
2026-04-25,,33,Greatest Hits,Queen
2026-04-25,NEW✨,34,Believe,Justin Bieber
2026-04-25,,35,Graduation,Kanye West
2026-04-25,,36,I Barely Know Her,sombr
2026-04-25,,37,The Tortured Poets Department,Taylor Swift
2026-04-25,NEW✨,38,My World 2.0,Justin Bieber
2026-04-25,,39,With Heaven On Top,Zach Bryan
2026-04-25,,40,+-=÷x (Tour Collection),Ed Sheeran
2026-04-25,,41,Sweet Boy,Malcolm Todd
2026-04-25,NEW✨,42,Chicken Talkin Bastard,BossMan Dlow
2026-04-25,,43,Am I The Drama?,Cardi B
2026-04-25,,44,Views,Drake
2026-04-25,,45,Diamonds,Elton John
2026-04-25,,46,Cloud 9,Megan Moroney
2026-04-25,,47,Blonde,Frank Ocean
2026-04-25,,48,Sour,Olivia Rodrigo
2026-04-25,,49,Hit Me Hard And Soft,Billie Eilish
2026-04-25,,50,Chronicle: The 20 Greatest Hits,Creedence Clearwater Revival
2026-04-25,,51,ANTI,Rihanna
2026-04-25,,52,Guts,Olivia Rodrigo
2026-04-25,,53,The Best Of Nickelback: Volume 1,Nickelback
2026-04-25,,54,Don't Mind If I Do,Riley Green
2026-04-25,,55,Teenage Dream,Katy Perry
2026-04-25,,56,$ome $exy $ongs 4 U,PARTYNEXTDOOR & Drake
2026-04-25,,57,Ctrl,SZA
2026-04-25,,58,American Heartbreak,Zach Bryan
2026-04-25,,59,Curtain Call: The Hits,Eminem
2026-04-25,,60,This One's For You,Luke Combs
2026-04-25,,61,I Hope You're Happy,BigXthaPlug
2026-04-25,,62,Doo-Wops & Hooligans,Bruno Mars
2026-04-25,,63,Certified Lover Boy,Drake
2026-04-25,,64,Greatest Hits,Pitbull
2026-04-25,,65,Nevermind,Nirvana
2026-04-25,,66,If I Know Me,Morgan Wallen
2026-04-25,,67,The Rise And Fall Of A Midwest Princess,Chappell Roan
2026-04-25,,68,111XPANTIA,Fuerza Regida
2026-04-25,,69,Channel Orange,Frank Ocean
2026-04-25,,70,"good kid, m.A.A.d city",Kendrick Lamar
2026-04-25,,71,"Where I've Been, Isn't Where I'm Going",Shaboozey
2026-04-25,,72,The Fame,Lady Gaga
2026-04-25,,73,The Collection,OneRepublic
2026-04-25,,74,Scorpion,Drake
2026-04-25,,75,Greatest Hits,Tom Petty And The Heartbreakers
2026-04-25,,76,Journey's Greatest Hits,Journey
2026-04-25,,77,Good Girl Gone Bad,Rihanna
2026-04-25,,78,Zach Bryan,Zach Bryan
2026-04-25,,79,Meteora,Linkin Park
2026-04-25,,80,Fancy Some More?,PinkPantheress
2026-04-25,,81,Currents,Tame Impala
2026-04-25,,82,Deadbeat,Tame Impala
2026-04-25,,83,Thank Me Later,Drake
2026-04-25,,84,GNX,Kendrick Lamar
2026-04-25,,85,"Don't Forget About Me, Demos (EP)",Dominic Fike
2026-04-25,,86,50 Number Ones,George Strait
2026-04-25,,87,The Fall-Off,J. Cole
2026-04-25,,88,My Turn,Lil Baby
2026-04-25,,89,Lover,Taylor Swift
2026-04-25,,90,35 Biggest Hits,Toby Keith
2026-04-25,,91,Legend: The Best Of Bob Marley And The Wailers,Bob Marley And The Wailers
2026-04-25,,92,For All The Dogs,Drake
2026-04-25,,93,[Hybrid Theory],Linkin Park
2026-04-25,,94,F-1 Trillion,Post Malone
2026-04-25,,95,Beautiful Chaos (EP),KATSEYE
2026-04-25,,96,Greatest Hits,Fleetwood Mac
2026-04-25,,97,Slime Cry,YoungBoy Never Broke Again
2026-04-25,,98,Folklore,Taylor Swift
2026-04-25,,99,Sublime,Sublime
2026-04-25,,100,I Never Liked You,Future
2026-04-25,,101,Traveller,Chris Stapleton
2026-04-25,,102,"Greatest Hits, Vol. I & II",Billy Joel
2026-04-25,,103,Gold: Greatest Hits,ABBA
2026-04-25,,104,Their Greatest Hits 1971-1975,Eagles
2026-04-25,,105,Hades,Melanie Martinez
2026-04-25,,106,DAMN.,Kendrick Lamar
2026-04-25,,107,Por Si Manana No Estoy,Omar Courtz
2026-04-25,NEW✨,108,Kinda Hard,Bilmuri
2026-04-25,,109,The Best Of Sade,Sade
2026-04-25,NEW✨,110,Justice,Justin Bieber
2026-04-25,NEW✨,111,Journals,Justin Bieber
2026-04-25,,112,The Secret Of Us,Gracie Abrams
2026-04-25,,113,Starting Over,Chris Stapleton
2026-04-25,,114,$ad Boyz 4 Life II,Junior H
2026-04-25,,115,The Very Best Of Daryl Hall  John Oates,Daryl Hall  John Oates
2026-04-25,NEW✨,116,Tropicoqueta,Karol G
2026-04-25,,117,Hot Fuss,The Killers
2026-04-25,,118,The Last Wun,Gunna
2026-04-25,,119,Starboy,The Weeknd
2026-04-25,,120,Greatest Hits,Creed
2026-04-25,,121,Greatest Hits,2Pac
2026-04-25,,122,Leather,Cody Johnson
2026-04-25,,123,AM,Arctic Monkeys
2026-04-25,,124,Midnights,Taylor Swift
2026-04-25,,125,Hozier,Hozier
2026-04-25,,126,24K Magic,Bruno Mars
2026-04-25,,127,2014 Forest Hills Drive,J. Cole
2026-04-25,,128,Submarine,The Marias
2026-04-25,,129,Freudian,Daniel Caesar
2026-04-25,,130,Born To Die,Lana Del Rey
2026-04-25,,131,Fireworks & Rollerblades,Benson Boone
2026-04-25,,132,Unorthodox Jukebox,Bruno Mars
2026-04-25,,133,All Time Greatest Hits,Lynyrd Skynyrd
2026-04-25,,134,1989,Taylor Swift
2026-04-25,,135,Greatest Hits,Guns N' Roses
2026-04-25,,136,Beauty Behind The Madness,The Weeknd
2026-04-25,,137,More Life,Drake
2026-04-25,,138,Hamilton: An American Musical,Original Broadway Cast
2026-04-25,,139,My Beautiful Dark Twisted Fantasy,Kanye West
2026-04-25,,140,Fetty Wap,Fetty Wap
2026-04-25,,141,The Great American Bar Scene,Zach Bryan
2026-04-25,,142,After Hours,The Weeknd
2026-04-25,,143,Eternal Sunshine,Ariana Grande
2026-04-25,,144,Never Enough,Daniel Caesar
2026-04-25,,145,reputation,Taylor Swift
2026-04-25,,146,I've Tried Everything But Therapy (Part I),Teddy Swims
2026-04-25,NEW✨,147,My World (EP),Justin Bieber
2026-04-25,,148,20 Number Ones,Thomas Rhett
2026-04-25,,149,What Not To,Tucker Wetmore
2026-04-25,,150,California Sunrise,Jon Pardi
2026-04-25,,151,Around The Fur,Deftones
2026-04-25,,152,MAYHEM,Lady Gaga
2026-04-25,,153,MUSIC,Playboi Carti
2026-04-25,,154,Gettin' Old,Luke Combs
2026-04-25,,155,Toxicity,System of a Down
2026-04-25,,156,Higher,Chris Stapleton
2026-04-25,,157,The Greatest Hits Collection,Brooks & Dunn
2026-04-25,,158,Californication,Red Hot Chili Peppers
2026-04-25,,159,The College Dropout,Kanye West
2026-04-25,,160,Cold Beer & Country Music,Zach Top
2026-04-25,,161,Goodbye & Good Riddance,Juice WRLD
2026-04-25,NEW✨,162,Chris Brown,Chris Brown
2026-04-25,,163,T R A P S O U L,Bryson Tiller
2026-04-25,,164,YHLQMDLG,Bad Bunny
2026-04-25,,165,Heroes & Villains,Metro Boomin
2026-04-25,,166,Greatest Hits,Bob Seger & The Silver Bullet Band
2026-04-25,,167,The Greatest Hits,3 Doors Down
2026-04-25,,168,Planet Her,Doja Cat
2026-04-25,,169,Child Of God II,Forrest Frank
2026-04-25,,170,Hurry Up Tomorrow,The Weeknd
2026-04-25,,171,Harry's House,Harry Styles
2026-04-25,,172,Brat,Charli xcx
2026-04-25,,173,Get Rich Or Die Tryin',50 Cent
2026-04-25,,174,DS2,Future
2026-04-25,,175,Icon,Brent Faiyaz
2026-04-25,,176,What You See Is What You Get,Luke Combs
2026-04-25,,177,Religiously. The Album.,Bailey Zimmerman
2026-04-25,,178,Metallica,Metallica
2026-04-25,,179,No Vacancy,Treaty Oak Revival
2026-04-25,,180,Nothing Was The Same,Drake
2026-04-25,,181,CHROMAKOPIA,"Tyler, The Creator"
2026-04-25,,182,Pure Heroine,Lorde
2026-04-25,,183,House Of Balloons,The Weeknd
2026-04-25,,184,Greatest Hits,Aerosmith
2026-04-25,,185,Luv Is Rage 2,Lil Uzi Vert
2026-04-25,,186,ADL,Yeat
2026-04-25,,187,Think Later,Tate McRae
2026-04-25,,188,So Good,Zara Larsson
2026-04-25,,189,7220,Lil Durk
2026-04-25,,190,History: America's Greatest Hits,America
2026-04-25,,191,Utopia,Travis Scott
2026-04-25,,192,We Don't Trust You,Future & Metro Boomin
2026-04-25,,193,I Will Always Love You: The Best Of Whitney Houston,Whitney Houston
2026-04-25,,194,Don't Be Dumb,A$AP Rocky
2026-04-25,,195,West Texas Degenerate,Treaty Oak Revival
2026-04-25,,196,"Greatest Hits, Vol. I",Korn
2026-04-25,,197,Genesis,Peso Pluma
2026-04-25,,198,Greatest Hits: The Ultimate Collection,Bon Jovi
2026-04-25,,199,Take Care,BigXthaPlug
2026-04-25,,200,1989 (Taylor's Version),Taylor Swift
2026-05-02,,1,Dandelion,Ella Langley
2026-05-02,,2,I'm The Problem,Morgan Wallen
2026-05-02,NEW✨,3,7TH YEAR: A Moment Of Stillness In The Thorns (EP),TOMORROW X TOGETHER
2026-05-02,,4,ARIRANG,BTS
2026-05-02,,5,Swag,Justin Bieber
2026-05-02,,6,The Art Of Loving,Olivia Dean
2026-05-02,,7,KPop Demon Hunters,Soundtrack
2026-05-02,,8,Octane,Don Toliver
2026-05-02,,9,Debi Tirar Mas Fotos,Bad Bunny
2026-05-02,,10,One Thing At A Time,Morgan Wallen
2026-05-02,,11,Stick Season,Noah Kahan
2026-05-02,,12,The Way I Am,Luke Combs
2026-05-02,,13,Man's Best Friend,Sabrina Carpenter
2026-05-02,,14,The Romantic,Bruno Mars
2026-05-02,,15,Bully,Ye
2026-05-02,,16,SOS,SZA
2026-05-02,,17,The Life Of A Showgirl,Taylor Swift
2026-05-02,NEW✨,18,KONNAKOL,ZAYN
2026-05-02,,19,Dangerous: The Double Album,Morgan Wallen
2026-05-02,,20,Number Ones,Michael Jackson
2026-05-02,,21,Short n' Sweet,Sabrina Carpenter
2026-05-02,,22,The Diamond Collection,Post Malone
2026-05-02,,23,"You'll Be Alright, Kid",Alex Warren
2026-05-02,,24,"Kiss All The Time. Disco, Occasionally.",Harry Styles
2026-05-02,,25,Believe,Justin Bieber
2026-05-02,,26,Rumours,Fleetwood Mac
2026-05-02,,27,Take Care,Drake
2026-05-02,,28,Purpose,Justin Bieber
2026-05-02,,29,30 Number One Hits,Jason Aldean
2026-05-02,,30,Hungover,Ella Langley
2026-05-02,,31,Un Verano Sin Ti,Bad Bunny
2026-05-02,,32,Guts,Olivia Rodrigo
2026-05-02,,33,So Close To What,Tate McRae
2026-05-02,,34,The Tortured Poets Department,Taylor Swift
2026-05-02,,35,DINASTIA,Peso Pluma & Tito Double P
2026-05-02,,36,Sour,Olivia Rodrigo
2026-05-02,,37,My World 2.0,Justin Bieber
2026-05-02,,38,I Barely Know Her,sombr
2026-05-02,,39,Greatest Hits,Queen
2026-05-02,,40,Sweet Boy,Malcolm Todd
2026-05-02,,41,This Music May Contain Hope.,RAYE
2026-05-02,,42,+-=÷x (Tour Collection),Ed Sheeran
2026-05-02,,43,Views,Drake
2026-05-02,,44,Graduation,Kanye West
2026-05-02,,45,With Heaven On Top,Zach Bryan
2026-05-02,,46,Chronicle: The 20 Greatest Hits,Creedence Clearwater Revival
2026-05-02,,47,Am I The Drama?,Cardi B
2026-05-02,,48,Blonde,Frank Ocean
2026-05-02,,49,Hit Me Hard And Soft,Billie Eilish
2026-05-02,,50,Don't Mind If I Do,Riley Green
2026-05-02,,51,Teenage Dream,Katy Perry
2026-05-02,,52,$ome $exy $ongs 4 U,PARTYNEXTDOOR & Drake
2026-05-02,,53,Cloud 9,Megan Moroney
2026-05-02,,54,A Matter Of Time,Laufey
2026-05-02,,55,ANTI,Rihanna
2026-05-02,,56,The Best Of Nickelback: Volume 1,Nickelback
2026-05-02,,57,Doo-Wops & Hooligans,Bruno Mars
2026-05-02,,58,111XPANTIA,Fuerza Regida
2026-05-02,,59,Ctrl,SZA
2026-05-02,,60,Certified Lover Boy,Drake
2026-05-02,,61,American Heartbreak,Zach Bryan
2026-05-02,,62,This One's For You,Luke Combs
2026-05-02,,63,Nevermind,Nirvana
2026-05-02,,64,Curtain Call: The Hits,Eminem
2026-05-02,,65,I Hope You're Happy,BigXthaPlug
2026-05-02,,66,Greatest Hits,Pitbull
2026-05-02,,67,If I Know Me,Morgan Wallen
2026-05-02,,68,Scorpion,Drake
2026-05-02,,69,The Rise And Fall Of A Midwest Princess,Chappell Roan
2026-05-02,,70,"good kid, m.A.A.d city",Kendrick Lamar
2026-05-02,,71,"Where I've Been, Isn't Where I'm Going",Shaboozey
2026-05-02,,72,Channel Orange,Frank Ocean
2026-05-02,,73,The Collection,OneRepublic
2026-05-02,,74,Greatest Hits,Tom Petty And The Heartbreakers
2026-05-02,,75,Thank Me Later,Drake
2026-05-02,,76,Journey's Greatest Hits,Journey
2026-05-02,,77,For All The Dogs,Drake
2026-05-02,,78,Journals,Justin Bieber
2026-05-02,,79,The Fame,Lady Gaga
2026-05-02,,80,Good Girl Gone Bad,Rihanna
2026-05-02,,81,Tropicoqueta,Karol G
2026-05-02,NEW✨,82,"Live From The Los Angeles Sports Arena, April 26th , 1975",Pink Floyd
2026-05-02,,83,Meteora,Linkin Park
2026-05-02,,84,Legend: The Best Of Bob Marley And The Wailers,Bob Marley And The Wailers
2026-05-02,,85,50 Number Ones,George Strait
2026-05-02,,86,Zach Bryan,Zach Bryan
2026-05-02,,87,Currents,Tame Impala
2026-05-02,,88,Por Si Manana No Estoy,Omar Courtz
2026-05-02,,89,Lover,Taylor Swift
2026-05-02,,90,GNX,Kendrick Lamar
2026-05-02,,91,Deadbeat,Tame Impala
2026-05-02,,92,35 Biggest Hits,Toby Keith
2026-05-02,NEW✨,93,Greatest Hits,The Cure
2026-05-02,,94,Diamonds,Elton John
2026-05-02,,95,Beautiful Chaos (EP),KATSEYE
2026-05-02,,96,Greatest Hits,Fleetwood Mac
2026-05-02,,97,F-1 Trillion,Post Malone
2026-05-02,,98,My Turn,Lil Baby
2026-05-02,,99,[Hybrid Theory],Linkin Park
2026-05-02,,100,Fancy Some More?,PinkPantheress
2026-05-02,,101,Folklore,Taylor Swift
2026-05-02,,102,Sublime,Sublime
2026-05-02,,103,Chicken Talkin Bastard,BossMan Dlow
2026-05-02,,104,Justice,Justin Bieber
2026-05-02,,105,Gold: Greatest Hits,ABBA
2026-05-02,,106,"Don't Forget About Me, Demos (EP)",Dominic Fike
2026-05-02,,107,Traveller,Chris Stapleton
2026-05-02,,108,"Greatest Hits, Vol. I & II",Billy Joel
2026-05-02,,109,I Never Liked You,Future
2026-05-02,,110,The Best Of Sade,Sade
2026-05-02,,111,DAMN.,Kendrick Lamar
2026-05-02,,112,The Fall-Off,J. Cole
2026-05-02,,113,Slime Cry,YoungBoy Never Broke Again
2026-05-02,,114,Their Greatest Hits 1971-1975,Eagles
2026-05-02,,115,Leather,Cody Johnson
2026-05-02,,116,Hot Fuss,The Killers
2026-05-02,,117,My World (EP),Justin Bieber
2026-05-02,,118,Starting Over,Chris Stapleton
2026-05-02,,119,The Secret Of Us,Gracie Abrams
2026-05-02,,120,AM,Arctic Monkeys
2026-05-02,,121,Midnights,Taylor Swift
2026-05-02,,122,1989,Taylor Swift
2026-05-02,,123,The Very Best Of Daryl Hall  John Oates,Daryl Hall  John Oates
2026-05-02,,124,Starboy,The Weeknd
2026-05-02,,125,Hozier,Hozier
2026-05-02,,126,Submarine,The Marias
2026-05-02,,127,Greatest Hits,Creed
2026-05-02,,128,More Life,Drake
2026-05-02,,129,24K Magic,Bruno Mars
2026-05-02,,130,The Last Wun,Gunna
2026-05-02,,131,$ad Boyz 4 Life II,Junior H
2026-05-02,,132,Fetty Wap,Fetty Wap
2026-05-02,,133,Fireworks & Rollerblades,Benson Boone
2026-05-02,,134,2014 Forest Hills Drive,J. Cole
2026-05-02,,135,Greatest Hits,Guns N' Roses
2026-05-02,,136,Beauty Behind The Madness,The Weeknd
2026-05-02,,137,Unorthodox Jukebox,Bruno Mars
2026-05-02,,138,All Time Greatest Hits,Lynyrd Skynyrd
2026-05-02,,139,Hamilton: An American Musical,Original Broadway Cast
2026-05-02,,140,Freudian,Daniel Caesar
2026-05-02,,141,Born To Die,Lana Del Rey
2026-05-02,,142,The Great American Bar Scene,Zach Bryan
2026-05-02,NEW✨,143,Walking On A Dream,Empire of the Sun
2026-05-02,,144,After Hours,The Weeknd
2026-05-02,NEW✨,145,"Caligo, Pt.2: 4th Mini (EP)",PLAVE
2026-05-02,,146,I've Tried Everything But Therapy (Part I),Teddy Swims
2026-05-02,,147,Around The Fur,Deftones
2026-05-02,,148,Eternal Sunshine,Ariana Grande
2026-05-02,,149,reputation,Taylor Swift
2026-05-02,,150,California Sunrise,Jon Pardi
2026-05-02,NEW✨,151,Nine Inch Noize,Nine Inch Nails & Boys Noize
2026-05-02,,152,My Beautiful Dark Twisted Fantasy,Kanye West
2026-05-02,,153,What Not To,Tucker Wetmore
2026-05-02,,154,20 Number Ones,Thomas Rhett
2026-05-02,,155,Gettin' Old,Luke Combs
2026-05-02,,156,Cold Beer & Country Music,Zach Top
2026-05-02,,157,Toxicity,System of a Down
2026-05-02,,158,The Greatest Hits Collection,Brooks & Dunn
2026-05-02,,159,Never Enough,Daniel Caesar
2026-05-02,,160,Chris Brown,Chris Brown
2026-05-02,,161,Goodbye & Good Riddance,Juice WRLD
2026-05-02,,162,Californication,Red Hot Chili Peppers
2026-05-02,,163,Greatest Hits,Bob Seger & The Silver Bullet Band
2026-05-02,,164,MUSIC,Playboi Carti
2026-05-02,,165,T R A P S O U L,Bryson Tiller
2026-05-02,,166,Greatest Hits,2Pac
2026-05-02,,167,Nothing Was The Same,Drake
2026-05-02,,168,Higher,Chris Stapleton
2026-05-02,,169,Hades,Melanie Martinez
2026-05-02,,170,Brat,Charli xcx
2026-05-02,,171,What You See Is What You Get,Luke Combs
2026-05-02,,172,Heroes & Villains,Metro Boomin
2026-05-02,,173,Child Of God II,Forrest Frank
2026-05-02,,174,Hurry Up Tomorrow,The Weeknd
2026-05-02,,175,Get Rich Or Die Tryin',50 Cent
2026-05-02,,176,Planet Her,Doja Cat
2026-05-02,,177,MAYHEM,Lady Gaga
2026-05-02,,178,The Greatest Hits,3 Doors Down
2026-05-02,,179,Harry's House,Harry Styles
2026-05-02,,180,No Vacancy,Treaty Oak Revival
2026-05-02,,181,House Of Balloons,The Weeknd
2026-05-02,,182,The College Dropout,Kanye West
2026-05-02,,183,Religiously. The Album.,Bailey Zimmerman
2026-05-02,,184,Metallica,Metallica
2026-05-02,,185,DS2,Future
2026-05-02,,186,Greatest Hits,Aerosmith
2026-05-02,,187,So Good,Zara Larsson
2026-05-02,,188,Icon,Brent Faiyaz
2026-05-02,,189,Luv Is Rage 2,Lil Uzi Vert
2026-05-02,NEW✨,190,Live A L'Olympia,Jeff Buckley
2026-05-02,,191,Pure Heroine,Lorde
2026-05-02,,192,Utopia,Travis Scott
2026-05-02,,193,CHROMAKOPIA,"Tyler, The Creator"
2026-05-02,NEW✨,194,CTRL ESCAPE,John Summit
2026-05-02,,195,7220,Lil Durk
2026-05-02,,196,"Greatest Hits, Vol. I",Korn
2026-05-02,,197,Greatest Hits: The Ultimate Collection,Bon Jovi
2026-05-02,,198,1989 (Taylor's Version),Taylor Swift
2026-05-02,,199,YHLQMDLG,Bad Bunny
2026-05-02,,200,We Don't Trust You,Future & Metro Boomin
2026-05-09,NEW✨,1,The Great Divide,Noah Kahan
2026-05-09,,2,Dandelion,Ella Langley
2026-05-09,,3,I'm The Problem,Morgan Wallen
2026-05-09,NEW✨,4,Kehlani,Kehlani
2026-05-09,,5,ARIRANG,BTS
2026-05-09,,6,Swag,Justin Bieber
2026-05-09,NEW✨,7,Thriller,Michael Jackson
2026-05-09,,8,The Art Of Loving,Olivia Dean
2026-05-09,,9,One Thing At A Time,Morgan Wallen
2026-05-09,,10,Stick Season,Noah Kahan
2026-05-09,,11,Octane,Don Toliver
2026-05-09,,12,Debi Tirar Mas Fotos,Bad Bunny
2026-05-09,,13,Number Ones,Michael Jackson
2026-05-09,,14,The Way I Am,Luke Combs
2026-05-09,,15,SOS,SZA
2026-05-09,,16,The Romantic,Bruno Mars
2026-05-09,,17,The Life Of A Showgirl,Taylor Swift
2026-05-09,,18,Man's Best Friend,Sabrina Carpenter
2026-05-09,,19,KPop Demon Hunters,Soundtrack
2026-05-09,,20,Dangerous: The Double Album,Morgan Wallen
2026-05-09,,21,The Diamond Collection,Post Malone
2026-05-09,,22,"You'll Be Alright, Kid",Alex Warren
2026-05-09,NEW✨,23,Your Favorite Toy,Foo Fighters
2026-05-09,NEW✨,24,Songs About Us,Jason Aldean
2026-05-09,,25,Take Care,Drake
2026-05-09,,26,Hungover,Ella Langley
2026-05-09,,27,Short n' Sweet,Sabrina Carpenter
2026-05-09,,28,Rumours,Fleetwood Mac
2026-05-09,,29,30 Number One Hits,Jason Aldean
2026-05-09,,30,Un Verano Sin Ti,Bad Bunny
2026-05-09,,31,"Kiss All The Time. Disco, Occasionally.",Harry Styles
2026-05-09,,32,Sweet Boy,Malcolm Todd
2026-05-09,,33,DINASTIA,Peso Pluma & Tito Double P
2026-05-09,,34,Greatest Hits,Queen
2026-05-09,,35,So Close To What,Tate McRae
2026-05-09,,36,Views,Drake
2026-05-09,NEW✨,37,Michael: Songs From The Motion Picture (Soundtrack),Michael Jackson
2026-05-09,,38,The Tortured Poets Department,Taylor Swift
2026-05-09,,39,Believe,Justin Bieber
2026-05-09,,40,+-=÷x (Tour Collection),Ed Sheeran
2026-05-09,,41,Sour,Olivia Rodrigo
2026-05-09,,42,Don't Mind If I Do,Riley Green
2026-05-09,,43,Diamonds,Elton John
2026-05-09,,44,I Barely Know Her,sombr
2026-05-09,,45,Graduation,Kanye West
2026-05-09,,46,Hit Me Hard And Soft,Billie Eilish
2026-05-09,,47,Guts,Olivia Rodrigo
2026-05-09,,48,Chronicle: The 20 Greatest Hits,Creedence Clearwater Revival
2026-05-09,,49,This Music May Contain Hope.,RAYE
2026-05-09,,50,Teenage Dream,Katy Perry
2026-05-09,,51,$ome $exy $ongs 4 U,PARTYNEXTDOOR & Drake
2026-05-09,,52,Blonde,Frank Ocean
2026-05-09,,53,Bully,Ye
2026-05-09,,54,Certified Lover Boy,Drake
2026-05-09,,55,Scorpion,Drake
2026-05-09,,56,With Heaven On Top,Zach Bryan
2026-05-09,,57,ANTI,Rihanna
2026-05-09,,58,Purpose,Justin Bieber
2026-05-09,,59,Ctrl,SZA
2026-05-09,,60,Tropicoqueta,Karol G
2026-05-09,,61,The Best Of Nickelback: Volume 1,Nickelback
2026-05-09,,62,Am I The Drama?,Cardi B
2026-05-09,,63,Doo-Wops & Hooligans,Bruno Mars
2026-05-09,,64,Curtain Call: The Hits,Eminem
2026-05-09,,65,Nevermind,Nirvana
2026-05-09,,66,111XPANTIA,Fuerza Regida
2026-05-09,,67,50 Number Ones,George Strait
2026-05-09,,68,Cloud 9,Megan Moroney
2026-05-09,,69,This One's For You,Luke Combs
2026-05-09,,70,American Heartbreak,Zach Bryan
2026-05-09,,71,"Where I've Been, Isn't Where I'm Going",Shaboozey
2026-05-09,,72,Thank Me Later,Drake
2026-05-09,,73,Greatest Hits,Tom Petty And The Heartbreakers
2026-05-09,,74,For All The Dogs,Drake
2026-05-09,,75,"good kid, m.A.A.d city",Kendrick Lamar
2026-05-09,,76,Greatest Hits,Pitbull
2026-05-09,,77,The Collection,OneRepublic
2026-05-09,,78,The Rise And Fall Of A Midwest Princess,Chappell Roan
2026-05-09,,79,The Fame,Lady Gaga
2026-05-09,,80,Journey's Greatest Hits,Journey
2026-05-09,,81,Channel Orange,Frank Ocean
2026-05-09,,82,Good Girl Gone Bad,Rihanna
2026-05-09,,83,35 Biggest Hits,Toby Keith
2026-05-09,,84,I Hope You're Happy,BigXthaPlug
2026-05-09,,85,F-1 Trillion,Post Malone
2026-05-09,,86,Meteora,Linkin Park
2026-05-09,,87,Currents,Tame Impala
2026-05-09,,88,If I Know Me,Morgan Wallen
2026-05-09,,89,My World 2.0,Justin Bieber
2026-05-09,,90,Lover,Taylor Swift
2026-05-09,,91,GNX,Kendrick Lamar
2026-05-09,,92,Legend: The Best Of Bob Marley And The Wailers,Bob Marley And The Wailers
2026-05-09,,93,My Turn,Lil Baby
2026-05-09,,94,Zach Bryan,Zach Bryan
2026-05-09,,95,Folklore,Taylor Swift
2026-05-09,,96,Greatest Hits,Fleetwood Mac
2026-05-09,,97,Deadbeat,Tame Impala
2026-05-09,,98,7TH YEAR: A Moment Of Stillness In The Thorns (EP),TOMORROW X TOGETHER
2026-05-09,,99,Gold: Greatest Hits,ABBA
2026-05-09,,100,[Hybrid Theory],Linkin Park
2026-05-09,,101,Fancy Some More?,PinkPantheress
2026-05-09,,102,A Matter Of Time,Laufey
2026-05-09,,103,"Greatest Hits, Vol. I & II",Billy Joel
2026-05-09,,104,DAMN.,Kendrick Lamar
2026-05-09,,105,I Never Liked You,Future
2026-05-09,,106,Por Si Manana No Estoy,Omar Courtz
2026-05-09,,107,Traveller,Chris Stapleton
2026-05-09,,108,Sublime,Sublime
2026-05-09,,109,Hot Fuss,The Killers
2026-05-09,,110,Starboy,The Weeknd
2026-05-09,,111,More Life,Drake
2026-05-09,,112,The Best Of Sade,Sade
2026-05-09,,113,Beautiful Chaos (EP),KATSEYE
2026-05-09,,114,Their Greatest Hits 1971-1975,Eagles
2026-05-09,,115,"Don't Forget About Me, Demos (EP)",Dominic Fike
2026-05-09,,116,Starting Over,Chris Stapleton
2026-05-09,NEW✨,117,Before I Forget,The Kid Laroi
2026-05-09,NEW✨,118,I Am Music,Lil Wayne
2026-05-09,,119,Leather,Cody Johnson
2026-05-09,,120,What Not To,Tucker Wetmore
2026-05-09,,121,Slime Cry,YoungBoy Never Broke Again
2026-05-09,,122,Greatest Hits,Creed
2026-05-09,,123,Midnights,Taylor Swift
2026-05-09,,124,AM,Arctic Monkeys
2026-05-09,,125,All Time Greatest Hits,Lynyrd Skynyrd
2026-05-09,,126,Eternal Sunshine,Ariana Grande
2026-05-09,,127,The Secret Of Us,Gracie Abrams
2026-05-09,,128,Greatest Hits,Guns N' Roses
2026-05-09,,129,The Very Best Of Daryl Hall  John Oates,Daryl Hall  John Oates
2026-05-09,NEW✨,130,Wishbone,Conan Gray
2026-05-09,,131,$ad Boyz 4 Life II,Junior H
2026-05-09,,132,2014 Forest Hills Drive,J. Cole
2026-05-09,,133,1989,Taylor Swift
2026-05-09,,134,Fetty Wap,Fetty Wap
2026-05-09,,135,After Hours,The Weeknd
2026-05-09,,136,Beauty Behind The Madness,The Weeknd
2026-05-09,,137,Born To Die,Lana Del Rey
2026-05-09,,138,Hamilton: An American Musical,Original Broadway Cast
2026-05-09,,139,24K Magic,Bruno Mars
2026-05-09,,140,Submarine,The Marias
2026-05-09,,141,Hozier,Hozier
2026-05-09,,142,The Last Wun,Gunna
2026-05-09,,143,The Fall-Off,J. Cole
2026-05-09,,144,Fireworks & Rollerblades,Benson Boone
2026-05-09,,145,reputation,Taylor Swift
2026-05-09,,146,Gettin' Old,Luke Combs
2026-05-09,,147,20 Number Ones,Thomas Rhett
2026-05-09,,148,California Sunrise,Jon Pardi
2026-05-09,,149,Freudian,Daniel Caesar
2026-05-09,,150,Cold Beer & Country Music,Zach Top
2026-05-09,,151,The Great American Bar Scene,Zach Bryan
2026-05-09,,152,Unorthodox Jukebox,Bruno Mars
2026-05-09,,153,Journals,Justin Bieber
2026-05-09,,154,Nothing Was The Same,Drake
2026-05-09,,155,Chicken Talkin Bastard,BossMan Dlow
2026-05-09,,156,I've Tried Everything But Therapy (Part I),Teddy Swims
2026-05-09,,157,My Beautiful Dark Twisted Fantasy,Kanye West
2026-05-09,NEW✨,158,The Essential Michael Jackson,Michael Jackson
2026-05-09,,159,T R A P S O U L,Bryson Tiller
2026-05-09,,160,Greatest Hits,Bob Seger & The Silver Bullet Band
2026-05-09,,161,The Greatest Hits Collection,Brooks & Dunn
2026-05-09,,162,Toxicity,System of a Down
2026-05-09,,163,Justice,Justin Bieber
2026-05-09,,164,Goodbye & Good Riddance,Juice WRLD
2026-05-09,,165,Greatest Hits,2Pac
2026-05-09,,166,Higher,Chris Stapleton
2026-05-09,,167,Around The Fur,Deftones
2026-05-09,,168,SIS (Soft Is Strong) (EP),KATSEYE
2026-05-09,,169,Never Enough,Daniel Caesar
2026-05-09,,170,Chris Brown,Chris Brown
2026-05-09,,171,What You See Is What You Get,Luke Combs
2026-05-09,,172,MUSIC,Playboi Carti
2026-05-09,,173,Heroes & Villains,Metro Boomin
2026-05-09,,174,Child Of God II,Forrest Frank
2026-05-09,,175,Hurry Up Tomorrow,The Weeknd
2026-05-09,,176,Get Rich Or Die Tryin',50 Cent
2026-05-09,,177,The Greatest Hits,3 Doors Down
2026-05-09,NEW✨,178,Queen Radio: Volume 1,Nicki Minaj
2026-05-09,,179,Greatest Hits,Aerosmith
2026-05-09,,180,No Vacancy,Treaty Oak Revival
2026-05-09,,181,House Of Balloons,The Weeknd
2026-05-09,,182,MAYHEM,Lady Gaga
2026-05-09,,183,DS2,Future
2026-05-09,,184,Luv Is Rage 2,Lil Uzi Vert
2026-05-09,,185,"Greatest Hits, Vol. I",Korn
2026-05-09,,186,Greatest Hits: The Ultimate Collection,Bon Jovi
2026-05-09,,187,Genesis,Peso Pluma
2026-05-09,,188,Religiously. The Album.,Bailey Zimmerman
2026-05-09,,189,Metallica,Metallica
2026-05-09,,190,Planet Her,Doja Cat
2026-05-09,,191,Her Loss,Drake & 21 Savage
2026-05-09,,192,Brat,Charli xcx
2026-05-09,,193,Utopia,Travis Scott
2026-05-09,,194,West Texas Degenerate,Treaty Oak Revival
2026-05-09,NEW✨,195,The Definitive Collection,Stevie Wonder
2026-05-09,,196,Californication,Red Hot Chili Peppers
2026-05-09,,197,Greatest Hits,The Notorious B.I.G.
2026-05-09,NEW✨,198,Toy With Me,Meghan Trainor
2026-05-09,,199,I Will Always Love You: The Best Of Whitney Houston,Whitney Houston
2026-05-09,,200,7220,Lil Durk
